pair_id,stratum,weight,title_similarity,company,a_key,a_title,a_locations,a_department,a_url,a_snippet,b_key,b_title,b_locations,b_department,b_url,b_snippet,label,note
p001,predicted,25.0200,0.8000,Perplexity,ASHBY:0190699f-010b-44f2-8399-278899fef018,"Member of Technical Staff (Machine Learning Engineer, Search)",Belgrade | London | Berlin,Search,https://jobs.ashbyhq.com/perplexity/0190699f-010b-44f2-8399-278899fef018,"Perplexity is seeking an experienced Machine Learning Engineer to help build the next generation of advanced search technologies, with a focus on retrieval and ranking. Responsibilities - Relentlessly push search quality forward—through models, data, tools, or any other leverage ...",ASHBY:19d8bcfd-e493-4b3a-b8fd-11a2a6502da2,"Member of Technical Staff (Machine Learning Engineer, Ranking Quality - Search)",Belgrade | London,Search,https://jobs.ashbyhq.com/perplexity/19d8bcfd-e493-4b3a-b8fd-11a2a6502da2,Perplexity is seeking an experienced Machine Learning Engineer to improve search quality across the middle and later stages of ranking. We are looking for a strong ranking generalist who can own ambiguous problems end to end and brings exceptional depth in either neural ranking o...,distinct,high: Ranking Quality specialization differs from general Search; snippets confirm narrower ranking scope
p002,predicted,25.0200,0.8000,Western Digital,SMARTRECRUITERS:744000150594619,"Engineer, Software Development Engineering (Embedded)","Petaling Jaya, Selangor, Malaysia",Engineering,https://jobs.smartrecruiters.com/WesternDigital/744000150594619,,SMARTRECRUITERS:744000148402439,Software Development Engineering (Embedded),"Petaling Jaya, Selangor, Malaysia",Engineering,https://jobs.smartrecruiters.com/WesternDigital/744000148402439,,dup,high: same embedded software engineering role and location; title wording differs
p003,predicted,25.0200,1.0000,Western Digital,SMARTRECRUITERS:744000141182979,China – Manufacturing Equipment Maintenance Technician (T),"Shenzhen, Guangdong Province, China",Manufacturing,https://jobs.smartrecruiters.com/WesternDigital/744000141182979,,SMARTRECRUITERS:744000140355920,China – Manufacturing Equipment Maintenance Technician (T),"Shenzhen, Guangdong Province, China",Manufacturing,https://jobs.smartrecruiters.com/WesternDigital/744000140355920,,dup,high: identical technician role and Shenzhen location
p004,predicted,25.0200,0.8000,Sierra,ASHBY:7ec62895-e3b6-4a01-8d4b-df3909cbbbb8,"Enterprise Sales Director - Strategic, Retail",Canada - Remote,Sales,https://jobs.ashbyhq.com/sierra/7ec62895-e3b6-4a01-8d4b-df3909cbbbb8,"ABOUT US Sierra is the leading platform for customer-facing AI agents, working with many of the world's biggest brands — including The GAP, Rocket Mortgage, SoFi, Sutter Health, and SoftBank — to transform how they serve customers and grow their businesses. We are primarily an in...",ASHBY:99858356-70b7-4c3a-aefb-87415e3fdbad,"Enterprise Sales Director, Retail",Canada - Remote,Sales,https://jobs.ashbyhq.com/sierra/99858356-70b7-4c3a-aefb-87415e3fdbad,"ABOUT US Sierra is the leading platform for customer-facing AI agents, working with many of the world's biggest brands — including The GAP, Rocket Mortgage, SoFi, Sutter Health, and SoftBank — to transform how they serve customers and grow their businesses. We are primarily an in...",distinct,high: Strategic account segment appears only in one title
p005,predicted,25.0200,0.8000,Veeva,LEVER:225df3e7-7f5c-497e-8860-963153b51a08,Master Class - Business Consultant - Life Sciences Analytics (United States),Massachusetts - Boston,Business Consulting,https://jobs.lever.co/veeva/225df3e7-7f5c-497e-8860-963153b51a08,"Veeva is building the industry cloud for Life Sciences through software, data, AI, and business consulting working together. Learn more about our products, vision, values, and status as a Public Benefit Corporation (PBC) on our website.   Consulting is changing, and we’re not lik...",LEVER:1883bdad-94f5-4f24-b8e9-f669bc4d5d32,Master Class - Business Consultant - Life Sciences Commercial (United States),Massachusetts - Boston,Business Consulting,https://jobs.lever.co/veeva/1883bdad-94f5-4f24-b8e9-f669bc4d5d32,"Veeva is building the industry cloud for Life Sciences through software, data, AI, and business consulting working together. Learn more about our products, vision, values, and status as a Public Benefit Corporation (PBC) on our website.   Consulting is changing, and we’re not lik...",distinct,high: Life Sciences Analytics versus Life Sciences Commercial specialization
p006,predicted,25.0200,1.0000,Intel,WORKDAY:/job/India-Bangalore/AI-Platform-and-Agentic-Engineer_JR0287292,AI Platform and Agentic Engineer,"India, Bangalore",,https://intel.wd1.myworkdayjobs.com/External/job/India-Bangalore/AI-Platform-and-Agentic-Engineer_JR0287292,,WORKDAY:/job/India-Bangalore/AI-Platform-and-Agentic-Engineer_JR0287283,AI Platform and Agentic Engineer,"India, Bangalore",,https://intel.wd1.myworkdayjobs.com/External/job/India-Bangalore/AI-Platform-and-Agentic-Engineer_JR0287283,,dup,high: identical AI platform and agentic engineer role and Bangalore location
p007,predicted,25.0200,1.0000,Intel,WORKDAY:/job/Malaysia-Kulim/Module-Equipment-Technician--Contract-_JR0286847,Module Equipment Technician (Contract),"Malaysia, Kulim",,https://intel.wd1.myworkdayjobs.com/External/job/Malaysia-Kulim/Module-Equipment-Technician--Contract-_JR0286847,,WORKDAY:/job/Malaysia-Kulim/Module-Equipment-Technician--Contract-_JR0286000,Module Equipment Technician (Contract),"Malaysia, Kulim",,https://intel.wd1.myworkdayjobs.com/External/job/Malaysia-Kulim/Module-Equipment-Technician--Contract-_JR0286000,,dup,high: identical contract technician role and Kulim location
p008,predicted,25.0200,1.0000,Databricks,GREENHOUSE:6544364002,Staff Software Engineer - Distributed Data Systems,"Mountain View, California",Engineering - Pipeline,https://databricks.com/company/careers/open-positions/job?gh_jid=6544364002,"P-186 At Databricks, we are obsessed with enabling data teams to solve the world's toughest problems, from security threat detection to cancer drug development. We do this by building and running the world's best data and AI infrastructure platform, so our customers can focus on ...",GREENHOUSE:5646855002,Staff Software Engineer - Distributed Data Systems,"San Francisco, California",Engineering - Pipeline,https://databricks.com/company/careers/open-positions/job?gh_jid=5646855002,"P-186 At Databricks, we are obsessed with enabling data teams to solve the world's toughest problems, from security threat detection to cancer drug development. We do this by building and running the world's best data and AI infrastructure platform, so our customers can focus on ...",distinct,high: Mountain View and San Francisco are different cities with no listed overlap
p009,predicted,25.0200,1.0000,Western Digital,SMARTRECRUITERS:744000141183170,China – Manufacturing Equipment Maintenance Technician (T),"Shenzhen, Guangdong Province, China",Manufacturing,https://jobs.smartrecruiters.com/WesternDigital/744000141183170,,SMARTRECRUITERS:744000141182389,China – Manufacturing Equipment Maintenance Technician (T),"Shenzhen, Guangdong Province, China",Manufacturing,https://jobs.smartrecruiters.com/WesternDigital/744000141182389,,dup,high: identical technician role and Shenzhen location
p010,predicted,25.0200,0.8333,Stripe,GREENHOUSE:8213481,"Account Executive, Product (Global Payouts - Hunter)",London,1642 Product Sales - MaaS,https://stripe.com/jobs/search?gh_jid=8213481,"Who we are About Stripe Stripe is a financial infrastructure platform for businesses. Millions of companies—from the world’s largest enterprises to the most ambitious startups—use Stripe to accept payments, grow their revenue, and accelerate new business opportunities. Our missio...",GREENHOUSE:8196259,"Account Executive, Product (Payouts) - Hunter","London, Dublin",1642 Product Sales - MaaS,https://stripe.com/jobs/search?gh_jid=8196259,"Who we are About Stripe Stripe is a financial infrastructure platform for businesses. Millions of companies—from the world’s largest enterprises to the most ambitious startups—use Stripe to accept payments, grow their revenue, and accelerate new business opportunities. Our missio...",distinct,low: Global qualifier may change product scope; snippets do not resolve ambiguity
p011,predicted,25.0200,0.8000,Intel,WORKDAY:/job/US-Oregon-Hillsboro/Module-Engineering-PhD-Intern_JR0287026,Module Engineering PhD Intern,"US, Oregon, Hillsboro",,https://intel.wd1.myworkdayjobs.com/External/job/US-Oregon-Hillsboro/Module-Engineering-PhD-Intern_JR0287026,,WORKDAY:/job/US-Oregon-Hillsboro/Module-Engineering-PhD-Intern-2027_JR0286876,Module Engineering PhD Intern 2027,"US, Oregon, Hillsboro",,https://intel.wd1.myworkdayjobs.com/External/job/US-Oregon-Hillsboro/Module-Engineering-PhD-Intern-2027_JR0286876,,distinct,low: 2027 cohort specified only once; matching internship cycle cannot be verified
p012,predicted,25.0200,1.0000,Workday,WORKDAY:/job/USAVAReston/Software-Development-Engineer---US-Federal_JR-0109614,Software Development Engineer - US Federal,USA.VA.Reston,,https://workday.wd5.myworkdayjobs.com/Workday/job/USAVAReston/Software-Development-Engineer---US-Federal_JR-0109614,,WORKDAY:/job/USAVAReston/Software-Development-Engineer---US-Federal_JR-0109352,Software Development Engineer - US Federal,USA.VA.Reston,,https://workday.wd5.myworkdayjobs.com/Workday/job/USAVAReston/Software-Development-Engineer---US-Federal_JR-0109352,,dup,high: identical US Federal software development engineer role and Reston location
p013,predicted,25.0200,1.0000,Cloudflare,GREENHOUSE:8180521,Senior Named Account Executive,Hybrid,Field Sales,https://boards.greenhouse.io/cloudflare/jobs/8180521?gh_jid=8180521,"About Us At Cloudflare, we are on a mission to help build a better Internet. Today the company runs one of the world’s largest networks that powers millions of websites and other Internet properties for customers ranging from individual bloggers to SMBs to Fortune 500 companies. ...",GREENHOUSE:8071416,Senior Named Account Executive,Hybrid,Field Sales,https://boards.greenhouse.io/cloudflare/jobs/8071416?gh_jid=8071416,"About Us At Cloudflare, we are on a mission to help build a better Internet. Today the company runs one of the world’s largest networks that powers millions of websites and other Internet properties for customers ranging from individual bloggers to SMBs to Fortune 500 companies. ...",distinct,low: Hybrid gives no city or remote region; location overlap cannot be established
p014,predicted,25.0200,1.0000,Western Digital,SMARTRECRUITERS:744000141183109,China – Manufacturing Equipment Maintenance Technician (T),"Shenzhen, Guangdong Province, China",Manufacturing,https://jobs.smartrecruiters.com/WesternDigital/744000141183109,,SMARTRECRUITERS:744000141181959,China – Manufacturing Equipment Maintenance Technician (T),"Shenzhen, Guangdong Province, China",Manufacturing,https://jobs.smartrecruiters.com/WesternDigital/744000141181959,,dup,high: identical technician role and Shenzhen location
p015,predicted,25.0200,1.0000,Western Digital,SMARTRECRUITERS:744000141186691,China – Manufacturing Equipment Maintenance Technician (T),"shenzhen, Guangdong Province, China",Manufacturing,https://jobs.smartrecruiters.com/WesternDigital/744000141186691,,SMARTRECRUITERS:744000140157340,China – Manufacturing Equipment Maintenance Technician (T),"Shenzhen, Guangdong Province, China",Manufacturing,https://jobs.smartrecruiters.com/WesternDigital/744000140157340,,dup,high: identical technician role and Shenzhen location; location capitalization differs only
p016,predicted,25.0200,0.8000,Veeva,LEVER:5adb202f-f1e5-49e3-a9cd-502a807a0049,Master Class - Business Consultant - Life Sciences Analytics (United Kingdom),United Kingdom - London,Business Consulting,https://jobs.lever.co/veeva/5adb202f-f1e5-49e3-a9cd-502a807a0049,"Veeva is building the industry cloud for Life Sciences through software, data, AI, and business consulting working together. Learn more about our products, vision, values, and status as a Public Benefit Corporation (PBC) on our website.   Consulting is changing, and we’re not lik...",LEVER:7cc3e364-3fe2-4263-91fd-ccf7fd0f0010,Master Class - Business Consultant - Life Sciences Content (United Kingdom),United Kingdom - London,Business Consulting,https://jobs.lever.co/veeva/7cc3e364-3fe2-4263-91fd-ccf7fd0f0010,"Veeva is building the industry cloud for Life Sciences through software, data, AI, and business consulting working together. Learn more about our products, vision, values, and status as a Public Benefit Corporation (PBC) on our website.   Consulting is changing, and we’re not lik...",distinct,high: Life Sciences Analytics versus Life Sciences Content specialization
p017,predicted,25.0200,1.0000,Intel,WORKDAY:/job/Malaysia-Penang/Accountant_JR0287232,Accountant,"Malaysia, Penang",,https://intel.wd1.myworkdayjobs.com/External/job/Malaysia-Penang/Accountant_JR0287232,,WORKDAY:/job/Malaysia-Penang/Accountant_JR0287149,Accountant,"Malaysia, Penang",,https://intel.wd1.myworkdayjobs.com/External/job/Malaysia-Penang/Accountant_JR0287149,,dup,high: identical Accountant title and Penang location
p018,predicted,25.0200,1.0000,Western Digital,SMARTRECRUITERS:744000144458009,China – Manufacturing Equipment Maintenance Technician (T),"shenzhen, Guangdong Province, China",Manufacturing,https://jobs.smartrecruiters.com/WesternDigital/744000144458009,,SMARTRECRUITERS:744000141184621,China – Manufacturing Equipment Maintenance Technician (T),"shenzhen, Guangdong Province, China",Manufacturing,https://jobs.smartrecruiters.com/WesternDigital/744000141184621,,dup,high: identical technician role and Shenzhen location
p019,predicted,25.0200,1.0000,Adobe,WORKDAY:/job/Bangalore/Enterprise-Architect_R169928,Enterprise Architect,Bangalore | Noida,,https://adobe.wd5.myworkdayjobs.com/external_experienced/job/Bangalore/Enterprise-Architect_R169928,"Enterprise Architect Position Summary As an Enterprise Architect at Adobe, you will build the future of digital experiences by helping global organizations unlock the full potential of data, AI, and cloud technologies. You will collaborate with executive leaders to develop transf...",WORKDAY:/job/Noida/Enterprise-Architect--Martech---AI-_R169933,Enterprise Architect,Noida,,https://adobe.wd5.myworkdayjobs.com/external_experienced/job/Noida/Enterprise-Architect--Martech---AI-_R169933,"Enterprise Architect Position Summary As an Enterprise Architect at Adobe, you will build the future of digital experiences by helping global organizations unlock the full potential of data, AI, and cloud technologies. You will collaborate with executive leaders to develop transf...",distinct,low: Martech AI in one URL; matching titles leave specialization uncertain
p020,predicted,25.0200,1.0000,Binance,LEVER:2603f3c0-75cb-4d49-b8de-cb4ade0e8b39,Binance Accelerator Program - QA,"Asia | Hong Kong | Taiwan, Taipei",Engineering,https://jobs.lever.co/binance/2603f3c0-75cb-4d49-b8de-cb4ade0e8b39,"Binance is a leading global blockchain ecosystem behind the world’s largest cryptocurrency exchange by trading volume and registered users. Binance is trusted by more than 320 million people in 100+ countries for its industry-leading security, transparency, trading engine speed, ...",LEVER:7366f0dd-5f08-4fc5-a677-53fd69ec7239,Binance Accelerator Program - QA,"Asia | Hong Kong | Taiwan, Taipei",Engineering,https://jobs.lever.co/binance/7366f0dd-5f08-4fc5-a677-53fd69ec7239,"Binance is a leading global blockchain ecosystem behind the world’s largest cryptocurrency exchange by trading volume and registered users. Binance is trusted by more than 320 million people in 100+ countries for its industry-leading security, transparency, trading engine speed, ...",dup,high: identical QA accelerator program role and matching Asian locations
p021,predicted,25.0200,1.0000,Western Digital,SMARTRECRUITERS:744000141184879,China – Manufacturing Equipment Maintenance Technician (T),"shenzhen, Guangdong Province, China",Manufacturing,https://jobs.smartrecruiters.com/WesternDigital/744000141184879,,SMARTRECRUITERS:744000141180899,China – Manufacturing Equipment Maintenance Technician (T),"Shenzhen, Guangdong Province, China",Manufacturing,https://jobs.smartrecruiters.com/WesternDigital/744000141180899,,dup,high: identical technician role and Shenzhen location; location capitalization differs only
p022,predicted,25.0200,1.0000,Intel,WORKDAY:/job/Malaysia-Kulim/Module-Equipment-Technician--Contract-_JR0286847,Module Equipment Technician (Contract),"Malaysia, Kulim",,https://intel.wd1.myworkdayjobs.com/External/job/Malaysia-Kulim/Module-Equipment-Technician--Contract-_JR0286847,,WORKDAY:/job/Malaysia-Kulim/Module-Equipment-Technician--Contract-_JR0286806,Module Equipment Technician (Contract),"Malaysia, Kulim",,https://intel.wd1.myworkdayjobs.com/External/job/Malaysia-Kulim/Module-Equipment-Technician--Contract-_JR0286806,,dup,high: identical contract technician role and Kulim location
p023,predicted,25.0200,1.0000,Western Digital,SMARTRECRUITERS:744000141184441,China – Manufacturing Equipment Maintenance Technician (T),"shenzhen, Guangdong Province, China",Manufacturing,https://jobs.smartrecruiters.com/WesternDigital/744000141184441,,SMARTRECRUITERS:744000141184879,China – Manufacturing Equipment Maintenance Technician (T),"shenzhen, Guangdong Province, China",Manufacturing,https://jobs.smartrecruiters.com/WesternDigital/744000141184879,,dup,high: identical technician role and Shenzhen location
p024,predicted,25.0200,1.0000,Western Digital,SMARTRECRUITERS:744000141182659,China – Manufacturing Equipment Maintenance Technician (T),"Shenzhen, Guangdong Province, China",Manufacturing,https://jobs.smartrecruiters.com/WesternDigital/744000141182659,,SMARTRECRUITERS:744000140357076,China – Manufacturing Equipment Maintenance Technician (T),"Shenzhen, Guangdong Province, China",Manufacturing,https://jobs.smartrecruiters.com/WesternDigital/744000140357076,,dup,high: identical technician role and Shenzhen location
p025,predicted,25.0200,1.0000,Western Digital,SMARTRECRUITERS:744000141847480,China – Manufacturing Equipment Maintenance Technician (T),"Shenzhen, Guangdong Province, China",Manufacturing,https://jobs.smartrecruiters.com/WesternDigital/744000141847480,,SMARTRECRUITERS:744000141181959,China – Manufacturing Equipment Maintenance Technician (T),"Shenzhen, Guangdong Province, China",Manufacturing,https://jobs.smartrecruiters.com/WesternDigital/744000141181959,,dup,high: identical technician role and Shenzhen location
p026,predicted,25.0200,1.0000,Western Digital,SMARTRECRUITERS:744000141184621,China – Manufacturing Equipment Maintenance Technician (T),"shenzhen, Guangdong Province, China",Manufacturing,https://jobs.smartrecruiters.com/WesternDigital/744000141184621,,SMARTRECRUITERS:744000141183619,China – Manufacturing Equipment Maintenance Technician (T),"Shenzhen, Guangdong Province, China",Manufacturing,https://jobs.smartrecruiters.com/WesternDigital/744000141183619,,dup,high: identical role and Shenzhen location; location capitalization differs only
p027,predicted,25.0200,1.0000,Western Digital,SMARTRECRUITERS:744000141184441,China – Manufacturing Equipment Maintenance Technician (T),"shenzhen, Guangdong Province, China",Manufacturing,https://jobs.smartrecruiters.com/WesternDigital/744000141184441,,SMARTRECRUITERS:744000141185329,China – Manufacturing Equipment Maintenance Technician (T),"shenzhen, Guangdong Province, China",Manufacturing,https://jobs.smartrecruiters.com/WesternDigital/744000141185329,,dup,high: identical technician role and Shenzhen location
p028,predicted,25.0200,1.0000,Western Digital,SMARTRECRUITERS:744000149478169,China – Manufacturing Equipment Maintenance Technician (T),"shenzhen, Guangdong Province, China",Manufacturing,https://jobs.smartrecruiters.com/WesternDigital/744000149478169,,SMARTRECRUITERS:744000141183109,China – Manufacturing Equipment Maintenance Technician (T),"Shenzhen, Guangdong Province, China",Manufacturing,https://jobs.smartrecruiters.com/WesternDigital/744000141183109,,dup,high: identical technician role and Shenzhen location; location capitalization differs only
p029,predicted,25.0200,1.0000,Western Digital,SMARTRECRUITERS:744000152081895,"Technician 2, Manufacturing Equipment Maintenance","Bayan Lepas, Penang, Malaysia",Manufacturing,https://jobs.smartrecruiters.com/WesternDigital/744000152081895-technician-2-manufacturing-equipment-maintenance,"Western Digital The next big thing in data is you! As Equipment Maintenance Technician, you will be responsible for maintaining specific tools on a media manufacturing production line. The successful candidate will be able to work with minimal supervision, take initiative and col...",SMARTRECRUITERS:744000149527389,"Technician 2, Manufacturing Equipment Maintenance","Bayan Lepas, Penang, Malaysia",Manufacturing,https://jobs.smartrecruiters.com/WesternDigital/744000149527389,,dup,high: identical Technician 2 role and Bayan Lepas location
p030,predicted,25.0200,0.8000,Notion,ASHBY:e41aff37-7811-42f3-94fc-1aff18500ad0,"Outcomes Architect, Italy (Customer Success)","Dublin, Ireland",Outcomes Architect,https://jobs.ashbyhq.com/notion/e41aff37-7811-42f3-94fc-1aff18500ad0,"WHO WE ARE Notion is the collaborative AI workspace where teams and agents think together https://www.youtube.com/watch?v=vkpYpWfEK5s. We're building one place where your knowledge, projects, meetings, and AI tools live side by side, so work is faster, clearer, and less fragmente...",ASHBY:8a11a2bc-70cc-48a2-888b-44f522effd9b,Outcomes Architect (Customer Success),"Dublin, Ireland",Outcomes Architect,https://jobs.ashbyhq.com/notion/8a11a2bc-70cc-48a2-888b-44f522effd9b,"WHO WE ARE Notion is the collaborative AI workspace where teams and agents think together https://www.youtube.com/watch?v=vkpYpWfEK5s. We're building one place where your knowledge, projects, meetings, and AI tools live side by side, so work is faster, clearer, and less fragmente...",distinct,high: Italy customer territory specialization appears only in one title
p031,predicted,25.0200,1.0000,Western Digital,SMARTRECRUITERS:744000149227369,Senior Equipment Engineer,"Kuching, Sarawak, Malaysia",Engineering,https://jobs.smartrecruiters.com/WesternDigital/744000149227369,,SMARTRECRUITERS:744000149227039,Senior Equipment Engineer,"Kuching, Sarawak, Malaysia",Engineering,https://jobs.smartrecruiters.com/WesternDigital/744000149227039,,dup,high: identical senior equipment engineer role and Kuching location
p032,predicted,25.0200,1.0000,Datadog,GREENHOUSE:6759702,Technical Support Engineer II,"Tokyo, Japan",Support Engineering,https://careers.datadoghq.com/detail/6759702?gh_jid=6759702,We are Datadog's in-house product experts. The Technical Solutions team enables Datadog's worldwide growth by educating potential clients and ensuring that existing customers are happy and successful. We share our technical and product expertise with customers via multi-channel t...,GREENHOUSE:6761448,Technical Support Engineer II,"Tokyo, Japan",Support Engineering,https://careers.datadoghq.com/detail/6761448?gh_jid=6761448,私たちは、Datadogの社内プロダクト・エキスパートです。テクニカル・ソリューション・チームは、潜在的な顧客を教育し、既存の顧客を満足させ、成功させることで、Datadogの世界的な成長を可能にしています。私たちは、デモやプレゼンテーション、技術評価、継続的なサポートを通じて、技術や製品に関する専門知識をお客様と共有しています。テクニカル・ソリューションは、知識を共有し、技術的なスキルセットを継続的に向上させるために絶えず協力し合う、成長中のグローバル・チームです。 Datadogでは、人間関係やコラボレーション、そして創造性といったオフィスカルチャー...,dup,high: identical level II support role and Tokyo location; snippets describe same team across languages
p033,predicted,25.0200,1.0000,Western Digital,SMARTRECRUITERS:744000149516249,"Technician 3, Manufacturing Equipment Maintenance","Bayan Lepas, Penang, Malaysia",Manufacturing,https://jobs.smartrecruiters.com/WesternDigital/744000149516249,,SMARTRECRUITERS:744000146879559,"Technician 3, Manufacturing Equipment Maintenance","Bayan Lepas, Penang, Malaysia",Manufacturing,https://jobs.smartrecruiters.com/WesternDigital/744000146879559,,dup,high: identical Technician 3 role and Bayan Lepas location
p034,predicted,25.0200,1.0000,Intel,WORKDAY:/job/US-Oregon-Hillsboro/Install-Qualification-Operations-Specialist--contract-_JR0286755-1,Install Qualification Operations Specialist (contract),"US, Oregon, Hillsboro",,https://intel.wd1.myworkdayjobs.com/External/job/US-Oregon-Hillsboro/Install-Qualification-Operations-Specialist--contract-_JR0286755-1,,WORKDAY:/job/US-Oregon-Hillsboro/Install-Qualification-Operations-Specialist--Contract-_JR0287205,Install Qualification Operations Specialist (Contract),"US, Oregon, Hillsboro",,https://intel.wd1.myworkdayjobs.com/External/job/US-Oregon-Hillsboro/Install-Qualification-Operations-Specialist--Contract-_JR0287205,,dup,high: same contract role and Hillsboro location; capitalization differs only
p035,predicted,25.0200,1.0000,Western Digital,SMARTRECRUITERS:744000144458009,China – Manufacturing Equipment Maintenance Technician (T),"shenzhen, Guangdong Province, China",Manufacturing,https://jobs.smartrecruiters.com/WesternDigital/744000144458009,,SMARTRECRUITERS:744000141182355,China – Manufacturing Equipment Maintenance Technician (T),"Shenzhen, Guangdong Province, China",Manufacturing,https://jobs.smartrecruiters.com/WesternDigital/744000141182355,,dup,high: identical technician role and Shenzhen location; location capitalization differs only
p036,predicted,25.0200,0.8000,Sierra,ASHBY:41e66706-b647-4ab1-8c7f-8f2975babba7,Enterprise Sales Director - Majors,"US - Remote | San Francisco, CA | New York, NY | Atlanta, GA",Sales,https://jobs.ashbyhq.com/sierra/41e66706-b647-4ab1-8c7f-8f2975babba7,"ABOUT US Sierra is the leading platform for customer-facing AI agents, working with many of the world's biggest brands — including The GAP, Rocket Mortgage, SoFi, Sutter Health, and SoftBank — to transform how they serve customers and grow their businesses. We are primarily an in...",ASHBY:b5ade182-e434-4f3d-9ce2-d14359036864,"Enterprise Sales Director - Majors, Healthcare","US - Remote | San Francisco, CA | New York, NY | Atlanta, GA",Sales,https://jobs.ashbyhq.com/sierra/b5ade182-e434-4f3d-9ce2-d14359036864,"ABOUT US Sierra is the leading platform for customer-facing AI agents, working with many of the world's biggest brands — including The GAP, Rocket Mortgage, SoFi, Sutter Health, and SoftBank — to transform how they serve customers and grow their businesses. We are primarily an in...",distinct,high: Healthcare specialization appears only in one title
p037,predicted,25.0200,1.0000,Intel,WORKDAY:/job/US-Oregon-Hillsboro/Intel-Foundry-Advanced-Device-Development-Engineer_JR0287390,Intel Foundry Advanced Device Development Engineer,"US, Oregon, Hillsboro",,https://intel.wd1.myworkdayjobs.com/External/job/US-Oregon-Hillsboro/Intel-Foundry-Advanced-Device-Development-Engineer_JR0287390,,WORKDAY:/job/US-Oregon-Hillsboro/Intel-Foundry-Advanced--Device-Development-Engineer_JR0287391,Intel Foundry Advanced  Device Development Engineer,"US, Oregon, Hillsboro",,https://intel.wd1.myworkdayjobs.com/External/job/US-Oregon-Hillsboro/Intel-Foundry-Advanced--Device-Development-Engineer_JR0287391,,dup,high: identical device development role and Hillsboro location; whitespace differs only
p038,predicted,25.0200,1.0000,Western Digital,SMARTRECRUITERS:744000141183469,China – Manufacturing Equipment Maintenance Technician (T),"Shenzhen, Guangdong Province, China",Manufacturing,https://jobs.smartrecruiters.com/WesternDigital/744000141183469,,SMARTRECRUITERS:744000141181849,China – Manufacturing Equipment Maintenance Technician (T),"Shenzhen, Guangdong Province, China",Manufacturing,https://jobs.smartrecruiters.com/WesternDigital/744000141181849,,dup,high: identical technician role and Shenzhen location
p039,predicted,25.0200,1.0000,Stripe,GREENHOUSE:7576999,"Account Executive, SMB Grower",Chicago,1651 Velocity - Account Executives (NA),https://stripe.com/jobs/search?gh_jid=7576999,"Who we are About Stripe Stripe is a financial infrastructure platform for businesses. Millions of companies—from the world’s largest enterprises to the most ambitious startups—use Stripe to accept payments, grow their revenue, and accelerate new business opportunities. Our missio...",GREENHOUSE:8156996,"Account Executive, SMB (Grower)",Chicago,1651 Velocity - Account Executives (NA),https://stripe.com/jobs/search?gh_jid=8156996,"Who we are About Stripe Stripe is a financial infrastructure platform for businesses. Millions of companies—from the world’s largest enterprises to the most ambitious startups—use Stripe to accept payments, grow their revenue, and accelerate new business opportunities. Our missio...",dup,high: same SMB Grower role and Chicago location; parentheses differ only
p040,predicted,25.0200,0.8000,Shield AI,LEVER:38746bcd-9f50-4c37-b661-878a4f38a466,"Staff Engineer, Mechanical Design - Launch and Recovery Systems (R4571)","Seattle, Washington",X-BAT Division,https://jobs.lever.co/shieldai/38746bcd-9f50-4c37-b661-878a4f38a466,"Shield AI is a venture-backed defense-tech company with the mission of protecting service members and civilians with intelligent systems. Its products include Hivemind autonomy software, V-BAT and X-BAT aircraft, and Aechelon simulation and synthetic reality technologies. With of...",LEVER:a3dfba6d-09ec-42c3-9328-dbb2b5fbdab3,"Staff Engineer, Mechanical Design - Launch and Recovery Systems (R4572)","Seattle, Washington | Dallas, Texas",X-BAT Division,https://jobs.lever.co/shieldai/a3dfba6d-09ec-42c3-9328-dbb2b5fbdab3,"Shield AI is a venture-backed defense-tech company with the mission of protecting service members and civilians with intelligent systems. Its products include Hivemind autonomy software, V-BAT and X-BAT aircraft, and Aechelon simulation and synthetic reality technologies. With of...",dup,high: same staff mechanical design specialization; Seattle overlaps; requisition identifiers differ only
p041,predicted,25.0200,1.0000,Western Digital,SMARTRECRUITERS:744000141183469,China – Manufacturing Equipment Maintenance Technician (T),"Shenzhen, Guangdong Province, China",Manufacturing,https://jobs.smartrecruiters.com/WesternDigital/744000141183469,,SMARTRECRUITERS:744000140353419,China – Manufacturing Equipment Maintenance Technician (T),"Shenzhen, Guangdong Province, China",Manufacturing,https://jobs.smartrecruiters.com/WesternDigital/744000140353419,,dup,high: identical technician role and Shenzhen location
p042,predicted,25.0200,1.0000,Intel,WORKDAY:/job/US-Oregon-Hillsboro/Process-Integration-Development-Engineer_JR0287348,Process Integration Development Engineer,"US, Oregon, Hillsboro",,https://intel.wd1.myworkdayjobs.com/External/job/US-Oregon-Hillsboro/Process-Integration-Development-Engineer_JR0287348,,WORKDAY:/job/US-Oregon-Hillsboro/Process-Integration-Development-Engineer_JR0286147,Process Integration Development Engineer,"US, Oregon, Hillsboro",,https://intel.wd1.myworkdayjobs.com/External/job/US-Oregon-Hillsboro/Process-Integration-Development-Engineer_JR0286147,,dup,high: identical process integration development engineer role and Hillsboro location
p043,predicted,25.0200,1.0000,Western Digital,SMARTRECRUITERS:744000141185439,China – Manufacturing Equipment Maintenance Technician (T),"shenzhen, Guangdong Province, China",Manufacturing,https://jobs.smartrecruiters.com/WesternDigital/744000141185439,,SMARTRECRUITERS:744000141181279,China – Manufacturing Equipment Maintenance Technician (T),"Shenzhen, Guangdong Province, China",Manufacturing,https://jobs.smartrecruiters.com/WesternDigital/744000141181279,,dup,high: identical technician role and Shenzhen location; location capitalization differs only
p044,predicted,25.0200,1.0000,Western Digital,SMARTRECRUITERS:744000144458009,China – Manufacturing Equipment Maintenance Technician (T),"shenzhen, Guangdong Province, China",Manufacturing,https://jobs.smartrecruiters.com/WesternDigital/744000144458009,,SMARTRECRUITERS:744000141184441,China – Manufacturing Equipment Maintenance Technician (T),"shenzhen, Guangdong Province, China",Manufacturing,https://jobs.smartrecruiters.com/WesternDigital/744000141184441,,dup,high: identical technician role and Shenzhen location
p045,predicted,25.0200,1.0000,Western Digital,SMARTRECRUITERS:744000150594619,"Engineer, Software Development Engineering (Embedded)","Petaling Jaya, Selangor, Malaysia",Engineering,https://jobs.smartrecruiters.com/WesternDigital/744000150594619,,SMARTRECRUITERS:744000150567865,"Engineer, Software Development Engineering (Embedded)","Petaling Jaya, Selangor, Malaysia",Engineering,https://jobs.smartrecruiters.com/WesternDigital/744000150567865,,dup,high: identical embedded software engineer role and Petaling Jaya location
p046,predicted,25.0200,1.0000,Western Digital,SMARTRECRUITERS:744000141184879,China – Manufacturing Equipment Maintenance Technician (T),"shenzhen, Guangdong Province, China",Manufacturing,https://jobs.smartrecruiters.com/WesternDigital/744000141184879,,SMARTRECRUITERS:744000140353419,China – Manufacturing Equipment Maintenance Technician (T),"Shenzhen, Guangdong Province, China",Manufacturing,https://jobs.smartrecruiters.com/WesternDigital/744000140353419,,dup,high: identical technician role and Shenzhen location; location capitalization differs only
p047,predicted,25.0200,1.0000,Western Digital,SMARTRECRUITERS:744000141181849,China – Manufacturing Equipment Maintenance Technician (T),"Shenzhen, Guangdong Province, China",Manufacturing,https://jobs.smartrecruiters.com/WesternDigital/744000141181849,,SMARTRECRUITERS:744000141180899,China – Manufacturing Equipment Maintenance Technician (T),"Shenzhen, Guangdong Province, China",Manufacturing,https://jobs.smartrecruiters.com/WesternDigital/744000141180899,,dup,high: identical technician role and Shenzhen location
p048,predicted,25.0200,0.8333,Datadog,GREENHOUSE:7993551,Senior Software Engineer - Streaming Platform,"New York, New York, USA",Dev Eng,https://careers.datadoghq.com/detail/7993551?gh_jid=7993551,"Senior Software Engineer - Streaming Platform Client Data streams are mission-critical at Datadog, powering near real-time communication across the vast majority of our services. Our Streaming Platform group builds the core infrastructure and abstractions that ensure Datadog rema...",GREENHOUSE:8035492,Senior Software Engineer - Streaming Platform Client,"New York, New York, USA",Dev Eng,https://careers.datadoghq.com/detail/8035492?gh_jid=8035492,"Senior Software Engineer - Streaming Platform Client Data streams are mission-critical at Datadog, powering near real-time communication across the vast majority of our services. Our Streaming Platform group builds the core infrastructure and abstractions that ensure Datadog rema...",dup,high: identical snippets explicitly name Streaming Platform Client; same seniority and city
p049,predicted,25.0200,1.0000,Western Digital,SMARTRECRUITERS:744000143229429,"Senior Engineer, Systems Design Engineering","Petaling Jaya, Malaysia",Engineering,https://jobs.smartrecruiters.com/WesternDigital/744000143229429,,SMARTRECRUITERS:744000141229809,"Senior Engineer, Systems Design Engineering","Petaling Jaya, Selangor, Malaysia",Engineering,https://jobs.smartrecruiters.com/WesternDigital/744000141229809,,dup,high: identical senior systems design role; both locations name Petaling Jaya
p050,predicted,25.0200,1.0000,Western Digital,SMARTRECRUITERS:744000141181959,China – Manufacturing Equipment Maintenance Technician (T),"Shenzhen, Guangdong Province, China",Manufacturing,https://jobs.smartrecruiters.com/WesternDigital/744000141181959,,SMARTRECRUITERS:744000140159555,China – Manufacturing Equipment Maintenance Technician (T),"Shenzhen, Guangdong Province, China",Manufacturing,https://jobs.smartrecruiters.com/WesternDigital/744000140159555,,dup,high: identical technician role and Shenzhen location
p051,near_0.9,211.7059,1.0000,Palantir,LEVER:39c57909-ae76-4c86-9290-9fb50c689c4f,"Senior Software Engineer, Network Infrastructure","Seattle, WA",Dev,https://jobs.lever.co/palantir/39c57909-ae76-4c86-9290-9fb50c689c4f,"A World-Changing Company   Palantir builds the world’s leading software for data-driven decisions and operations. By bringing the right data to the people who need it, our platforms empower our partners to develop lifesaving drugs, forecast supply chain disruptions, locate missin...",LEVER:89a77547-8b74-45b2-8590-f04b16e19a59,"Senior Software Engineer, Network Infrastructure","Washington, D.C.",Dev,https://jobs.lever.co/palantir/89a77547-8b74-45b2-8590-f04b16e19a59,"A World-Changing Company   Palantir builds the world’s leading software for data-driven decisions and operations. By bringing the right data to the people who need it, our platforms empower our partners to develop lifesaving drugs, forecast supply chain disruptions, locate missin...",distinct,high: Seattle and Washington locations do not overlap
p052,near_0.9,211.7059,1.0000,Zoox,LEVER:0c03e57f-fe89-4a65-857e-af7ec6eadadf,"Senior Team Lead, Vehicle Technicians","Phoenix, AZ",Fleet Operations,https://jobs.lever.co/zoox/0c03e57f-fe89-4a65-857e-af7ec6eadadf,"As the Senior Team Lead, Fleet Support for Base Operations, you will serve as both the technical player-coach and the strategic operational owner responsible for executing daily vehicle maintenance while evolving the backbone of Zoox’s Base Operations. You will combine hands-on d...",LEVER:16f95b9e-6520-41bb-9a27-27a5f8f5dcf5,"Senior Team Lead, Vehicle Technicians","Las Vegas, NV",Fleet Operations,https://jobs.lever.co/zoox/16f95b9e-6520-41bb-9a27-27a5f8f5dcf5,"As the Senior Team Lead, Fleet Support for Base Operations, you will serve as both the technical player-coach and the strategic operational owner responsible for executing daily vehicle maintenance while evolving the backbone of Zoox’s Base Operations. You will combine hands-on d...",distinct,high: Phoenix and Las Vegas locations do not overlap
p053,near_0.9,211.7059,1.0000,Veeva,LEVER:9c74b6ff-bde1-409e-8035-74030ebca342,Business Consultant - Commercial,France - Paris,Business Consulting,https://jobs.lever.co/veeva/9c74b6ff-bde1-409e-8035-74030ebca342,"Veeva is building the industry cloud for Life Sciences through software, data, AI, and business consulting working together. Learn more about our products, vision, values, and status as a Public Benefit Corporation (PBC) on our website. Consulting is changing, and we’re not like ...",LEVER:c2a52ed2-5e22-407a-b0fc-9da2ac913ef5,Business Consultant - Commercial,Spain - Barcelona,Business Consulting,https://jobs.lever.co/veeva/c2a52ed2-5e22-407a-b0fc-9da2ac913ef5,"Veeva is building the industry cloud for Life Sciences through software, data, AI, and business consulting working together. Learn more about our products, vision, values, and status as a Public Benefit Corporation (PBC) on our website. Consulting is changing, and we’re not like ...",distinct,high: Paris and Barcelona locations do not overlap
p054,near_0.9,211.7059,1.0000,Veeva,LEVER:288737fc-b86d-453d-af98-4a23997cbc54,Senior Consultant - Marketing Software,California - San Francisco,Professional Services,https://jobs.lever.co/veeva/288737fc-b86d-453d-af98-4a23997cbc54,"Veeva Systems is a mission-driven organization and pioneer in industry cloud, helping life sciences companies bring therapies to patients faster. As one of the fastest-growing SaaS companies in history, we surpassed $3B in revenue in our last fiscal year with extensive growth pot...",LEVER:3134f178-51d8-47e3-bd9d-9cc98db8d166,Senior Consultant - Marketing Software,New York - New York City,Professional Services,https://jobs.lever.co/veeva/3134f178-51d8-47e3-bd9d-9cc98db8d166,"Veeva Systems is a mission-driven organization and pioneer in industry cloud, helping life sciences companies bring therapies to patients faster. As one of the fastest-growing SaaS companies in history, we surpassed $3B in revenue in our last fiscal year with extensive growth pot...",distinct,high: San Francisco and New York City locations do not overlap
p055,near_0.9,211.7059,1.0000,Stripe,GREENHOUSE:8196259,"Account Executive, Product (Payouts) - Hunter","London, Dublin",1642 Product Sales - MaaS,https://stripe.com/jobs/search?gh_jid=8196259,"Who we are About Stripe Stripe is a financial infrastructure platform for businesses. Millions of companies—from the world’s largest enterprises to the most ambitious startups—use Stripe to accept payments, grow their revenue, and accelerate new business opportunities. Our missio...",GREENHOUSE:8196269,"Account Executive, Product (Payouts) - Hunter",New York,1642 Product Sales - MaaS,https://stripe.com/jobs/search?gh_jid=8196269,"Who we are About Stripe Stripe is a financial infrastructure platform for businesses. Millions of companies—from the world’s largest enterprises to the most ambitious startups—use Stripe to accept payments, grow their revenue, and accelerate new business opportunities. Our missio...",distinct,high: London or Dublin and New York locations do not overlap
p056,near_0.9,211.7059,1.0000,Stripe,GREENHOUSE:8142649,"Staff Product Manager, Local Payment Methods Growth",London,8555 Payments Globalization - PM,https://stripe.com/jobs/search?gh_jid=8142649,"Who we are About Stripe Stripe is a financial infrastructure platform for businesses. Millions of companies—from the world’s largest enterprises to the most ambitious startups—use Stripe to accept payments, grow their revenue, and accelerate new business opportunities. Our missio...",GREENHOUSE:7737526,"Staff Product Manager, Local Payment Methods Growth",Dublin,8555 Payments Globalization - PM,https://stripe.com/jobs/search?gh_jid=7737526,"Who we are About Stripe Stripe is a financial infrastructure platform for businesses. Millions of companies—from the world’s largest enterprises to the most ambitious startups—use Stripe to accept payments, grow their revenue, and accelerate new business opportunities. Our missio...",distinct,high: London and Dublin locations do not overlap
p057,near_0.9,211.7059,1.0000,Veeva,LEVER:df9dcdee-d2af-4ccf-aa5c-fd7615a891bd,Associate Business Consultant - Life Sciences R&D,Germany - Frankfurt,Generation Veeva,https://jobs.lever.co/veeva/df9dcdee-d2af-4ccf-aa5c-fd7615a891bd,"Veeva is building the industry cloud for Life Sciences through software, data, AI, and business consulting working together. Learn more about our products, vision, values, and status as a Public Benefit Corporation (PBC) on our website.   Consulting is changing, and we’re not lik...",LEVER:e64b1b6b-a8e2-42cc-9ed1-9c780d2aafdd,Associate Business Consultant - Life Sciences R&D,United Kingdom - London,Generation Veeva,https://jobs.lever.co/veeva/e64b1b6b-a8e2-42cc-9ed1-9c780d2aafdd,"Veeva is building the industry cloud for Life Sciences through software, data, AI, and business consulting working together. Learn more about our products, vision, values, and status as a Public Benefit Corporation (PBC) on our website.   Consulting is changing, and we’re not lik...",distinct,high: Frankfurt and London locations do not overlap
p058,near_0.9,211.7059,1.0000,Databricks,GREENHOUSE:8769764002,Sr. Solutions Architect,"Chicago, Illinois",Field Engineering - FE Direct Emerging,https://databricks.com/company/careers/open-positions/job?gh_jid=8769764002,"FEQ327R503 While candidates in the listed location(s) are encouraged for this role, candidates in other locations will be considered. At Databricks, our core principles are at the heart of everything we do; creating a culture of proactiveness and a customer-centric mindset guides...",GREENHOUSE:8753679002,Sr. Solutions Architect,"Sydney, Australia",Field Engineering - Other,https://databricks.com/company/careers/open-positions/job?gh_jid=8753679002,"FEQ427R444 Location: Sydney As a Sr. Solutions Architect, you are an expert-level technical leader responsible for the organization's most complex customer engagements. You drive consumption strategy, own executive-level relationships, and serve as the definitive technical author...",distinct,high: Chicago and Sydney locations do not overlap
p059,near_0.9,211.7059,1.0000,Databricks,GREENHOUSE:8461163002,"Sr. Forward Deployed Engineer (FDE) - Communications, Media, Entertainment & Games","San Francisco, California",Professional Services Operations,https://databricks.com/company/careers/open-positions/job?gh_jid=8461163002,"CSQ127R318 As a Sr. Forward Deployed Engineer (FDE) you will work with customers to build and productionize solutions to their data & AI challenges using the Databricks platform. You will own the architecture, lead design decisions, and implement end-to-end systems spanning data ...",GREENHOUSE:8461226002,"Sr. Forward Deployed Engineer (FDE) - Communications, Media, Entertainment & Games","New York City, New York",Professional Services Operations,https://databricks.com/company/careers/open-positions/job?gh_jid=8461226002,"CSQ127R318 As a Sr. Forward Deployed Engineer (FDE) you will work with customers to build and productionize solutions to their data & AI challenges using the Databricks platform. You will own the architecture, lead design decisions, and implement end-to-end systems spanning data ...",distinct,high: San Francisco and New York City locations do not overlap
p060,near_0.9,211.7059,1.0000,Databricks,GREENHOUSE:8461239002,"Sr. Forward Deployed Engineer (FDE) - Communications, Media, Entertainment & Games","Atlanta, Georgia",Professional Services Operations,https://databricks.com/company/careers/open-positions/job?gh_jid=8461239002,"CSQ127R318 As a Big Data Solutions Architect (Resident Solutions Architect) in our Professional Services team you will work with clients on short to medium term customer engagements on their big data challenges using the Databricks platform. You will provide data engineering, dat...",GREENHOUSE:8461243002,"Sr. Forward Deployed Engineer (FDE) - Communications, Media, Entertainment & Games","Denver, Colorado",Professional Services Operations,https://databricks.com/company/careers/open-positions/job?gh_jid=8461243002,"CSQ127R318 As a Forward Deployed Engineer (FDE) you will work with customers to build and productionize solutions to their data & AI challenges using the Databricks platform. You will own the architecture, lead design decisions, and implement end-to-end systems spanning data engi...",distinct,high: Atlanta and Denver locations do not overlap
p061,near_0.9,211.7059,1.0000,Databricks,GREENHOUSE:8514430002,Sr. Forward Deployed Engineer,"Western Australia, Australia",Professional Services Operations,https://databricks.com/company/careers/open-positions/job?gh_jid=8514430002,"CSQ327R141 As a Sr. Forward Deployed Engineer in our Professional Services team you will work with clients on short to medium term customer engagements on their big data challenges using the Databricks platform. You will provide data engineering, data science, and cloud technolog...",GREENHOUSE:8657065002,Sr. Forward Deployed Engineer,"Austin, Texas",Professional Services Operations,https://databricks.com/company/careers/open-positions/job?gh_jid=8657065002,"CSQ427R94 As a Forward Deployed Engineer (FDE) you will work with customers to build and productionize solutions to their data & AI challenges using the Databricks platform. You will own the architecture, lead design decisions, and implement end-to-end systems spanning data engin...",distinct,high: Western Australia and Austin locations do not overlap
p062,near_0.9,211.7059,1.0000,Pigment,LEVER:15e7b82c-ebf3-477c-96b5-96a3b25e0663,AI Deployment Strategist,Toronto,Professional Services,https://jobs.lever.co/pigment/15e7b82c-ebf3-477c-96b5-96a3b25e0663,"Join Pigment: The AI Platform Redefining Business Planning   Pigment is the AI-powered business planning and performance management platform built for agility and scale. We connect people, data, and processes in one intuitive, feature-rich solution, empowering every team—from Fin...",LEVER:27d0415e-b9fe-446f-bf45-aa95c660b0a8,AI Deployment Strategist,New York,Professional Services,https://jobs.lever.co/pigment/27d0415e-b9fe-446f-bf45-aa95c660b0a8,"Join Pigment: The AI Platform Redefining Business Planning   Pigment is the AI-powered business planning and performance management platform built for agility and scale. We connect people, data, and processes in one intuitive, feature-rich solution, empowering every team—from Fin...",distinct,high: Toronto and New York locations do not overlap
p063,near_0.9,211.7059,1.0000,Databricks,GREENHOUSE:7649411002,Staff Product Manager,"Berlin, Germany",Product,https://databricks.com/company/careers/open-positions/job?gh_jid=7649411002,"P-1345 You will be the Product Manager for the Databricks Runtime team in Berlin. The team works at the intersection of query processing, storage, infrastructure and data governance, all key components of the Databricks data intelligence platform. As the Product Manager, you will...",GREENHOUSE:7649409002,Staff Product Manager,"Amsterdam, Netherlands",Product,https://databricks.com/company/careers/open-positions/job?gh_jid=7649409002,"P-1345 You will be the Product Manager for the Databricks Runtime team in Amsterdam. The team works at the intersection of query processing, storage, infrastructure and data governance, all key components of the Databricks data intelligence platform. As the Product Manager, you w...",distinct,high: Berlin and Amsterdam locations do not overlap; snippets explicitly place teams in respective cities
p064,near_0.9,211.7059,1.0000,Veeva,LEVER:0353a229-5b7c-483c-9326-289ebb80b31d,Content Marketing - Manager,Massachusetts - Boston,Marketing,https://jobs.lever.co/veeva/0353a229-5b7c-483c-9326-289ebb80b31d,"Veeva Systems is a mission-driven organization and pioneer in industry cloud, helping life sciences companies bring therapies to patients faster. As one of the fastest-growing SaaS companies in history, we surpassed $3B in revenue in our last fiscal year with extensive growth pot...",LEVER:51967157-70f7-40fd-9044-12b39b5a5d1b,Content Marketing - Manager,New York - New York City,Marketing,https://jobs.lever.co/veeva/51967157-70f7-40fd-9044-12b39b5a5d1b,"Veeva Systems is a mission-driven organization and pioneer in industry cloud, helping life sciences companies bring therapies to patients faster. As one of the fastest-growing SaaS companies in history, we surpassed $3B in revenue in our last fiscal year with extensive growth pot...",distinct,high: Boston and New York City locations do not overlap
p065,near_0.9,211.7059,1.0000,Palantir,LEVER:2add8e90-c65a-4684-8c0d-6dfa7a541871,Deal Team - Business Affairs,"Washington, D.C.",Business Development,https://jobs.lever.co/palantir/2add8e90-c65a-4684-8c0d-6dfa7a541871,"A World-Changing Company   Palantir builds the world’s leading software for data-driven decisions and operations. By bringing the right data to the people who need it, our platforms empower our partners to develop lifesaving drugs, forecast supply chain disruptions, locate missin...",LEVER:a7a77fc5-9f68-4ded-aad7-4814d96cb316,Deal Team - Business Affairs,"Palo Alto, CA",Business Development,https://jobs.lever.co/palantir/a7a77fc5-9f68-4ded-aad7-4814d96cb316,"A World-Changing Company   Palantir builds the world’s leading software for data-driven decisions and operations. By bringing the right data to the people who need it, our platforms empower our partners to develop lifesaving drugs, forecast supply chain disruptions, locate missin...",distinct,high: Washington and Palo Alto locations do not overlap
p066,near_0.9,211.7059,1.0000,Databricks,GREENHOUSE:7811355002,Specialist Solutions Architect - AI/ML,"Sao Paulo, Brazil",Field Engineering,https://databricks.com/company/careers/open-positions/job?gh_jid=7811355002,"P-226 As an AI/ML Specialist Solutions Architect (SSA), you will be the trusted technical ML & AI expert to both Databricks customers and the Field Engineering organization. You will work with Solution Architects to guide customers in architecting production-grade ML & AI applica...",GREENHOUSE:8697991002,Specialist Solutions Architect - AI/ML,United States,Field Engineering - FE Direct Regulated,https://databricks.com/company/careers/open-positions/job?gh_jid=8697991002,"FEQ427R382 As an AI/ML Specialist Solutions Architect (SSA), you will lead the advanced AI/ML technical strategy for your customers — owning complex architecture discussions, driving platform adoption, and serving as a trusted advisor to customer technical leads and architects. Y...",distinct,high: Brazil and United States locations do not overlap
p067,near_0.9,211.7059,1.0000,Databricks,GREENHOUSE:8747434002,Senior Solutions Engineer,India,Field Engineering - Other,https://databricks.com/company/careers/open-positions/job?gh_jid=8747434002,"At Databricks, our core principles are at the heart of everything we do; creating a culture of proactiveness and a customer-centric mindset guides us to create a unified platform that makes data science and analytics accessible to everyone. We aim to inspire our customers to make...",GREENHOUSE:8721005002,Sr. Solutions Engineer,"Munich, Germany",Field Engineering - Other,https://databricks.com/company/careers/open-positions/job?gh_jid=8721005002,"REQ# FEQ327R416 At Databricks, our core principles are at the heart of everything we do; creating a culture of proactiveness and a customer-centric mindset guides us to create a unified platform that makes data science and analytics accessible to everyone. We aim to inspire our c...",distinct,high: India and Munich locations do not overlap
p068,near_0.7,265.8235,0.7143,Veeva,LEVER:ede654e5-8458-4cbc-8ec4-b7b768de168b,Associate Business Consultant - Life Sciences Analytics,New York - New York City,Generation Veeva,https://jobs.lever.co/veeva/ede654e5-8458-4cbc-8ec4-b7b768de168b,"Veeva is building the industry cloud for Life Sciences through software, data, AI, and business consulting working together. Learn more about our products, vision, values, and status as a Public Benefit Corporation (PBC) on our website.   Consulting is changing, and we’re not lik...",LEVER:24a57ccc-7c5c-49fd-8eaa-42fa7a3eb035,Associate Business Consultant - Life Sciences Content,Spain - Barcelona,Generation Veeva,https://jobs.lever.co/veeva/24a57ccc-7c5c-49fd-8eaa-42fa7a3eb035,"Veeva is building the industry cloud for Life Sciences through software, data, AI, and business consulting working together. Learn more about our products, vision, values, and status as a Public Benefit Corporation (PBC) on our website.   Consulting is changing, and we’re not lik...",distinct,high: Analytics versus Content specialization; New York and Barcelona do not overlap
p069,near_0.7,265.8235,0.7143,Veeva,LEVER:ff058e1b-91b6-44b0-8ecd-be56445e987c,Associate Business Consultant - Life Sciences Quality,New York - New York City,Generation Veeva,https://jobs.lever.co/veeva/ff058e1b-91b6-44b0-8ecd-be56445e987c,"Veeva is building the industry cloud for Life Sciences through software, data, AI, and business consulting working together. Learn more about our products, vision, values, and status as a Public Benefit Corporation (PBC) on our website.   Consulting is changing, and we’re not lik...",LEVER:fc9100db-8238-43cb-85dc-84ccbccfdd92,Principal Business Consultant - Life Sciences Quality,Germany - Berlin,Business Consulting,https://jobs.lever.co/veeva/fc9100db-8238-43cb-85dc-84ccbccfdd92,"Veeva is building the industry cloud for Life Sciences through software, data, AI, and business consulting working together. Learn more about our products, vision, values, and status as a Public Benefit Corporation (PBC) on our website. Consulting is changing, and we’re not like ...",distinct,high: Associate versus Principal seniority; New York and Berlin do not overlap
p070,near_0.7,265.8235,0.8000,OpenAI,ASHBY:ea738090-a7e0-41bd-b619-afeff9fd18e0,"Account Director, Large Enterprise","Munich, Germany | Berlin, Germany",Go To Market,https://jobs.ashbyhq.com/openai/ea738090-a7e0-41bd-b619-afeff9fd18e0,"About the Team OpenAI’s mission is to build safe artificial general intelligence (AGI) which benefits all of humanity. This long-term undertaking brings the world’s best scientists, engineers, and business professionals into one lab together to accomplish this. In pursuit of this...",ASHBY:10208545-58dd-4cdb-91e1-69b1c2cabe3c,"Account Director, Large Enterprise (FSI)",Singapore,Go To Market,https://jobs.ashbyhq.com/openai/10208545-58dd-4cdb-91e1-69b1c2cabe3c,"About the team OpenAI’s mission is to build safe artificial general intelligence (AGI) which benefits all of humanity. This long-term undertaking brings the world’s best scientists, engineers, and business professionals into one lab together to accomplish this. In pursuit of this...",distinct,high: FSI specialization appears only once; Germany and Singapore do not overlap
p071,near_0.7,265.8235,0.7500,Western Digital,SMARTRECRUITERS:744000149227120,Senior Equipment Engineer,"Kuching, Sarawak, Malaysia",Engineering,https://jobs.smartrecruiters.com/WesternDigital/744000149227120,,SMARTRECRUITERS:744000133868249,"Senior Engineer, Equipment Engineering","Bayan Lepas, Penang, Malaysia",Engineering,https://jobs.smartrecruiters.com/WesternDigital/744000133868249,,distinct,high: Kuching and Bayan Lepas locations do not overlap
p072,near_0.7,265.8235,0.8000,Databricks,GREENHOUSE:7654347002,Senior Software Engineer (Money),"Bengaluru, India",Engineering - Pipeline,https://databricks.com/company/careers/open-positions/job?gh_jid=7654347002,"P-1346 At Databricks, we are passionate about enabling data teams to solve the world's toughest problems — from making the next mode of transportation a reality to accelerating the development of medical breakthroughs. We do this by building and running the world's best data and ...",GREENHOUSE:8027404002,Senior Software Engineer  - Money Team,"Bellevue, Washington",Exec Engineering,https://databricks.com/company/careers/open-positions/job?gh_jid=8027404002,"P-1253 At Databricks, we are obsessed with Data + AI to solve the world's toughest problems, from security threat detection to cancer drug development. We do this by building and running the world's best data and AI infrastructure platform, so our customers can focus on the high-...",distinct,high: Bengaluru and Bellevue locations do not overlap
p073,near_0.7,265.8235,0.7500,OpenAI,ASHBY:2e645639-3362-42f7-b0b9-e99380c48d29,Support Delivery Lead,San Francisco,User Operations,https://jobs.ashbyhq.com/openai/2e645639-3362-42f7-b0b9-e99380c48d29,"About the Team OpenAI’s User Operations team shepherds our customer’s adoption of AI and ensures that our customers' product experience is nothing short of exceptional. We are building the very first post-AGI support team. We resolve complex issues, provide technical guidance, an...",ASHBY:6b8eed3a-d549-4df8-9ac7-134d4d52c600,Support Delivery Lead - Toronto,Ontario - Remote,User Operations,https://jobs.ashbyhq.com/openai/6b8eed3a-d549-4df8-9ac7-134d4d52c600,"About the Team OpenAI’s User Operations team shepherds our customer’s adoption of AI and ensures that our customers' product experience is nothing short of exceptional. We are building the very first post-AGI support team. We resolve complex issues, provide technical guidance, an...",distinct,high: San Francisco and Ontario remote locations do not overlap
p074,near_0.7,265.8235,0.7500,Databricks,GREENHOUSE:8568023002,Senior Solutions Architect (Lakebase),"Mumbai, India",Field Engineering - Other,https://databricks.com/company/careers/open-positions/job?gh_jid=8568023002,"FEQ327R245 Mission The Senior Solutions Architect (Lakebase) team executes on Databricks’ strategic Product Operating Model that provides enhanced focus on earlier stage, highly prioritized product lines in order to establish product market fit, and set the course for rapid reven...",GREENHOUSE:8675570002,Sr. Solutions Architect,"Milan, Italy",Field Engineering - Other,https://databricks.com/company/careers/open-positions/job?gh_jid=8675570002,"FEQ427R341 At Databricks, our core values are at the heart of everything we do; creating a culture of proactiveness and a customer-centric mindset guides us to create a unified platform that makes data science and analytics accessible to everyone. We aim to inspire our customers ...",distinct,high: Lakebase specialization appears only once; Mumbai and Milan do not overlap
p075,near_0.7,265.8235,0.7500,Datadog,GREENHOUSE:7703288,Enterprise Sales Executive,"Seoul, South Korea",Enterprise Sales,https://careers.datadoghq.com/detail/7703288?gh_jid=7703288,"Our Enterprise Sales Executives target and close new business with Datadog’s largest, most strategic customers and prospects. In this role you’ll be focused on uncovering the pain points organizations face as they operate in or migrate to a cloud environment at scale as well as d...",GREENHOUSE:7426752,Enterprise Sales Executive (SLED),"San Francisco, California, USA",Enterprise Sales,https://careers.datadoghq.com/detail/7426752?gh_jid=7426752,Our SLED sales team works with a best-of-breed product that solves real problems for our customers. Sellers follow a well-defined methodology that helps them identify the customer's unique needs and clearly convey the value of the Datadog product. Whether you're looking to learn ...,distinct,high: SLED specialization appears only once; Seoul and San Francisco do not overlap
p076,near_0.7,265.8235,0.8000,Datadog,GREENHOUSE:6665385,Mid Market Account Executive,"New York, New York, USA",Mid-Market Sales,https://careers.datadoghq.com/detail/6665385?gh_jid=6665385,"As a Mid-Market Account Executive on our Commercial Sales team, you will assist in Datadog’s overall business growth by strategically engaging and closing net-new customers across mid-to-large size markets. Sellers follow a well-defined methodology, collaborate with internal stak...",GREENHOUSE:8220277,Mid Market Account Executive (Italy),"Amsterdam, The Netherlands; Dublin, Ireland",Mid-Market Sales,https://careers.datadoghq.com/detail/8220277?gh_jid=8220277,"Mid-Market Account Executive As an Account Executive on our Mid-Market Sales team, you will assist in Datadog’s overall business growth by strategically engaging and closing net-new customers across mid-to-large size organizations. Sellers follow a well-defined methodology, colla...",distinct,high: Italy sales territory specialization appears only once; listed work cities do not overlap
p077,near_0.7,265.8235,0.7500,Databricks,GREENHOUSE:8620637002,Senior Solutions Architect,"Mumbai, India",Field Engineering - Other,https://databricks.com/company/careers/open-positions/job?gh_jid=8620637002,"FEQ427R111 As a Senior Solutions Architect, you will shape the future of the Data & AI landscape by working with the most sophisticated data engineering and data science teams in the world. You will be a technical advisor internally to the sales team, and work with the product te...",GREENHOUSE:8720999002,Sr. Solutions Architect - FSI,"Munich, Germany",Field Engineering - Other,https://databricks.com/company/careers/open-positions/job?gh_jid=8720999002,"FEQ427R349 As a Sr. Solutions Architect, you are an expert-level technical leader responsible for the organisation's most complex customer engagements. You drive consumption strategy, own executive-level relationships, and serve as the definitive technical authority for your acco...",distinct,high: FSI specialization appears only once; Mumbai and Munich do not overlap
p078,near_0.7,265.8235,0.7500,Notion,ASHBY:759a9c5a-cdd6-4d05-8eaf-e78eabc34293,Business Development Representative,"Seoul, South Korea",Sales,https://jobs.ashbyhq.com/notion/759a9c5a-cdd6-4d05-8eaf-e78eabc34293,"WHO WE ARE Notion is the collaborative AI workspace where teams and agents think together https://www.youtube.com/watch?v=vkpYpWfEK5s. We're building one place where your knowledge, projects, meetings, and AI tools live side by side, so work is faster, clearer, and less fragmente...",ASHBY:d0b9e586-bdf9-4df2-a512-371a6492b2d9,"Business Development Representative, DACH","Dublin, Ireland",Sales,https://jobs.ashbyhq.com/notion/d0b9e586-bdf9-4df2-a512-371a6492b2d9,"WHO WE ARE Notion is the collaborative AI workspace where teams and agents think together https://www.youtube.com/watch?v=vkpYpWfEK5s. We're building one place where your knowledge, projects, meetings, and AI tools live side by side, so work is faster, clearer, and less fragmente...",distinct,high: DACH territory specialization appears only once; Seoul and Dublin do not overlap
p079,near_0.7,265.8235,0.7500,Databricks,GREENHOUSE:8682362002,Sr. Solutions Architect,"London, United Kingdom",Field Engineering - Other,https://databricks.com/company/careers/open-positions/job?gh_jid=8682362002,"REQ ID: FEQ427R344 Location: London, UK Recruiter: Kanwal Matharu At Databricks, our core values are at the heart of everything we do; creating a culture of proactiveness and a customer-centric mindset guides us to create a unified platform that makes data science and analytics a...",GREENHOUSE:8568025002,Sr. Solutions Architect (Lakebase),"Tokyo, Japan",Field Engineering - Other,https://databricks.com/company/careers/open-positions/job?gh_jid=8568025002,"Req: FEQ327R246 Location: Tokyo, Japan Mission The Solutions Architect (Lakebase) team executes on Databricks’ strategic Product Operating Model that provides enhanced focus on earlier stage, highly prioritized product lines in order to establish product market fit, and set the c...",distinct,high: Lakebase specialization appears only once; London and Tokyo do not overlap
p080,near_0.7,265.8235,0.7143,Palantir,LEVER:74748e0e-a0bc-4c53-a636-ef14e36d9b5e,Forward Deployed Infrastructure Engineer - US Government,"Washington, D.C.",Delta,https://jobs.lever.co/palantir/74748e0e-a0bc-4c53-a636-ef14e36d9b5e,"A World-Changing Company   Palantir builds the world’s leading software for data-driven decisions and operations. By bringing the right data to the people who need it, our platforms empower our partners to develop lifesaving drugs, forecast supply chain disruptions, locate missin...",LEVER:84131e3f-455e-47fc-9c11-898d95f09048,Forward Deployed Software Engineer - US Government,"San Diego, CA",Delta,https://jobs.lever.co/palantir/84131e3f-455e-47fc-9c11-898d95f09048,"A World-Changing Company   Palantir builds the world’s leading software for data-driven decisions and operations. By bringing the right data to the people who need it, our platforms empower our partners to develop lifesaving drugs, forecast supply chain disruptions, locate missin...",distinct,high: infrastructure versus software engineering; Washington and San Diego do not overlap
p081,near_0.7,265.8235,0.7500,Datadog,GREENHOUSE:7057036,Strategic Account Executive,"District of Columbia, USA, Remote; Maryland, USA, Remote; Virginia, USA, Remote",Enterprise Sales,https://careers.datadoghq.com/detail/7057036?gh_jid=7057036,"Our Strategic Account Executives target and close new business with Datadog’s largest, most strategic customers and prospects. In this role you’ll be focused on uncovering the pain points organizations face as they operate in or migrate to a cloud environment at scale as well as ...",GREENHOUSE:7101117,Strategic Account Executive - Paris,"Paris, France",Enterprise Sales,https://careers.datadoghq.com/detail/7101117?gh_jid=7101117,"Our Strategic Account Executives target and close new business with Datadog’s largest, most strategic customers and prospects. In this role you’ll be focused on uncovering the pain points organizations face as they operate in or migrate to a cloud environment at scale as well as ...",distinct,high: US remote regions and Paris location do not overlap
p082,near_0.7,265.8235,0.7143,Stripe,GREENHOUSE:8190044,"Account Executive, Product - Issuing & Treasury (Grower)","US-San Francisco, US- New York, US-Remote",1642 Product Sales - MaaS,https://stripe.com/jobs/search?gh_jid=8190044,"Who we are About Stripe Stripe is a financial infrastructure platform for businesses. Millions of companies—from the world’s largest enterprises to the most ambitious startups—use Stripe to accept payments, grow their revenue, and accelerate new business opportunities. Our missio...",GREENHOUSE:8238098,"Account Executive, Product - Issuing & Treasury (Hunter)","US-San Francisco, US-New York, US-Remote",1642 Product Sales - MaaS,https://stripe.com/jobs/search?gh_jid=8238098,"Who we are About Stripe Stripe is a financial infrastructure platform for businesses. Millions of companies—from the world’s largest enterprises to the most ambitious startups—use Stripe to accept payments, grow their revenue, and accelerate new business opportunities. Our missio...",distinct,high: Grower and Hunter are different sales functions
p083,near_0.7,265.8235,0.7500,Western Digital,SMARTRECRUITERS:744000152080749,"Senior Engineer, Manufacturing Engineering","Amphoe Si Maha Phot, Prachin Buri, Thailand",Engineering,https://jobs.smartrecruiters.com/WesternDigital/744000152080749-senior-engineer-manufacturing-engineering,"ESSENTIAL DUTIES AND RESPONSIBILITIES: Support Manufacturing Engineering team in resolving production capacity‑related issues Assist in productivity and DGR improvement activities through data analysis and process studies Support capacity line setup, line conversion, scheduling, ...",SMARTRECRUITERS:744000143223919,"Engineer, Manufacturing Engineering","Biñan City, LAGUNA, Philippines",Engineering,https://jobs.smartrecruiters.com/WesternDigital/744000143223919,,distinct,high: Senior versus unspecified seniority; Thailand and Philippines locations do not overlap
p084,near_0.7,265.8235,0.7500,Databricks,GREENHOUSE:8769764002,Sr. Solutions Architect,"Chicago, Illinois",Field Engineering - FE Direct Emerging,https://databricks.com/company/careers/open-positions/job?gh_jid=8769764002,"FEQ327R503 While candidates in the listed location(s) are encouraged for this role, candidates in other locations will be considered. At Databricks, our core principles are at the heart of everything we do; creating a culture of proactiveness and a customer-centric mindset guides...",GREENHOUSE:8567849002,Sr. Solutions Architect - Lakebase,"Berlin, Germany; Munich, Germany",Field Engineering - Other,https://databricks.com/company/careers/open-positions/job?gh_jid=8567849002,"FEQ327R213 The Solutions Architect (Lakebase) team executes on Databricks’ strategic Product Operating Model that provides enhanced focus on earlier stage, highly prioritised product lines in order to establish product market fit, and set the course for rapid revenue growth. They...",distinct,high: Lakebase specialization appears only once; Chicago and German cities do not overlap
p085,near_0.5,1789.2500,0.5000,Databricks,GREENHOUSE:8303017002,Senior Staff Software Engineer - Delta,"Zürich, Switzerland",Executive Engineering - Pipeline,https://databricks.com/company/careers/open-positions/job?gh_jid=8303017002,"P-1127 At Databricks, we are obsessed with enabling data teams to solve the world's toughest problems, from security threat detection to cancer drug development. We do this by building and running the world's best data and AI infrastructure platform, so our customers can focus on...",GREENHOUSE:8374611002,Staff Software Engineer - Backend,"London, United Kingdom",Engineering,https://databricks.com/company/careers/open-positions/job?gh_jid=8374611002,"P-1514 At Databricks, we are passionate about enabling data teams to solve the world's toughest problems — from making the next mode of transportation a reality to accelerating the development of medical breakthroughs. We do this by building and running the world's best data and ...",distinct,high: Senior Staff versus Staff; different specializations and cities
p086,near_0.5,1789.2500,0.5556,Databricks,GREENHOUSE:8488399002,Sr. Forward Deployed Engineer (FDE) - Digital Native Business,"San Francisco, California",Professional Services Operations,https://databricks.com/company/careers/open-positions/job?gh_jid=8488399002,"CSQ227R258 As a Forward Deployed Engineer (FDE), you will work with customers to build and productionize solutions to their data & AI challenges using the Databricks Platform. You will own the architecture, lead design decisions, and implement end-to-end systems spanning data eng...",GREENHOUSE:8494156002,Sr. Forward Deployed Engineer (FDE) - Manufacturing,"Seattle, Washington",Professional Services Operations,https://databricks.com/company/careers/open-positions/job?gh_jid=8494156002,"CSQ127R319 As a Sr. Forward Deployed Engineer (FDE) you will work with customers to build and productionize solutions to their data & AI challenges using the Databricks platform. You will own the architecture, lead design decisions, and implement end-to-end systems spanning data ...",distinct,high: Digital Native Business versus Manufacturing specialization; San Francisco and Seattle do not overlap
p087,near_0.5,1789.2500,0.5000,Databricks,GREENHOUSE:8109902002,Senior Engineering Manager - Enzyme,"Mountain View, California",Executive Engineering - Pipeline,https://databricks.com/company/careers/open-positions/job?gh_jid=8109902002,"P-1110 At Databricks, we are passionate about enabling data teams to solve the world's toughest problems — from making the next mode of transportation a reality to accelerating the development of medical breakthroughs. We do this by building and running the world's best data and ...",GREENHOUSE:8716314002,"Sr. Manager, Field Engineering - Sports",Northeast - United States,Field Engineering - FE Direct Enterprise,https://databricks.com/company/careers/open-positions/job?gh_jid=8716314002,"FEQ427R388 As an Senior Manager, Field Engineering, you will lead a broader team of technical customer advisors and help shape the strategy, roadmap, and operating model for a significant Field Engineering portfolio. You will scale impact beyond your immediate team through other ...",distinct,high: software engineering management versus field engineering management; different named teams and locations
p088,near_0.5,1789.2500,0.5000,Cohere,ASHBY:c0bed981-0439-4bd6-9fa1-7f90efae3168,Account Executive Korea,Korea,Revenue,https://jobs.ashbyhq.com/cohere/c0bed981-0439-4bd6-9fa1-7f90efae3168,Who are we? Cohere is the leading security-first enterprise AI company. We build cutting-edge foundation AI models and end-to-end products that are designed to solve real-world business problems. We’re training and deploying frontier models for enterprises who are building AI sys...,ASHBY:2ae14044-6083-4371-8ab9-06954c162f9a,Senior Account Executive,Madrid,Revenue,https://jobs.ashbyhq.com/cohere/2ae14044-6083-4371-8ab9-06954c162f9a,Who are we? Cohere is the leading security-first enterprise AI company. We build cutting-edge foundation AI models and end-to-end products that are designed to solve real-world business problems. We’re training and deploying frontier models for enterprises who are building AI sys...,distinct,high: Senior qualifier appears only once; Korea and Madrid do not overlap
p089,near_0.5,1789.2500,0.5714,Adobe,WORKDAY:/job/Bangalore/Applied-Scientist-5_R171066,Senior Machine Learning Engineer 5,Bangalore | Noida,,https://adobe.wd5.myworkdayjobs.com/external_experienced/job/Bangalore/Applied-Scientist-5_R171066,"We are looking for a Senior ML Engineer to lead foundational research in agentic AI and intelligent systems. This is a research-intensive role focused on advancing the underlying models, learning paradigms, and capabilities that enable AI agents to reason, plan, learn, remember, ...",WORKDAY:/job/San-Jose/Senior-Machine-Learning-Engineer--AI-Platform_R171345,"Senior Machine Learning Engineer, AI Platform",San Jose,,https://adobe.wd5.myworkdayjobs.com/external_experienced/job/San-Jose/Senior-Machine-Learning-Engineer--AI-Platform_R171345,,distinct,high: different specialization or level indicators; Indian locations and San Jose do not overlap
p090,near_0.5,1789.2500,0.5556,Cohere,ASHBY:291e5dee-dcda-49e6-a1b6-dae0d48f80af,"Forward Deployed Engineer, Infrastructure Specialist (Middle East)",Middle East | Dubai | United Arab Emirates | Saudi Arabia | Riyadh,Engineering & Infra,https://jobs.ashbyhq.com/cohere/291e5dee-dcda-49e6-a1b6-dae0d48f80af,Who are we? Cohere is the leading security-first enterprise AI company. We build cutting-edge foundation AI models and end-to-end products that are designed to solve real-world business problems. We’re training and deploying frontier models for enterprises who are building AI sys...,ASHBY:52a2b83b-7537-4e88-af7b-e4e9630a96e0,"Forward Deployed Engineer, Infrastructure Specialist (Public Sector)",Ottawa | Canada,Engineering & Infra,https://jobs.ashbyhq.com/cohere/52a2b83b-7537-4e88-af7b-e4e9630a96e0,Who are we? Cohere is the leading security-first enterprise AI company. We build cutting-edge foundation AI models and end-to-end products that are designed to solve real-world business problems. We’re training and deploying frontier models for enterprises who are building AI sys...,distinct,high: Middle East versus Public Sector specialization; Middle East and Canada do not overlap
p091,near_0.5,1789.2500,0.5000,Veeva,LEVER:f3e6e094-cd1e-4bbb-b923-08215e747df4,Data Operations Lead - OpenData (Remote),Spain - Barcelona,Data Operations,https://jobs.lever.co/veeva/f3e6e094-cd1e-4bbb-b923-08215e747df4,"Veeva Systems is a mission-driven organization and pioneer in industry cloud, helping life sciences companies bring therapies to patients faster. As one of the fastest-growing SaaS companies in history, we surpassed $3B in revenue in our last fiscal year with extensive growth pot...",LEVER:0889b4a3-801f-4937-8431-e064bd7e5faa,Hiring Operations Lead - Link and OpenData (Remote),Spain - Barcelona,Data Operations,https://jobs.lever.co/veeva/0889b4a3-801f-4937-8431-e064bd7e5faa,"Veeva Systems is a mission-driven organization and pioneer in industry cloud, helping life sciences companies bring therapies to patients faster. As one of the fastest-growing SaaS companies in history, we surpassed $3B in revenue in our last fiscal year with extensive growth pot...",distinct,high: data operations versus hiring operations; product scope also differs
p092,near_0.5,1789.2500,0.6667,Databricks,GREENHOUSE:8826872002,Delivery Solutions Architect,"Munich, Germany",Delivery Solutions Architects,https://databricks.com/company/careers/open-positions/job?gh_jid=8826872002,"CSQ427R260 At Databricks, we are on a mission to empower our customers to solve the world's toughest data and AI problems by utilizing the Databricks Data Intelligence Platform. As a Delivery Solutions Architect (DSA), you will partner with Sales, Solutions Architecture, and Fiel...",GREENHOUSE:5898477002,Solutions Architect,"Toronto, Canada",Field Engineering,https://databricks.com/company/careers/open-positions/job?gh_jid=5898477002,P-225 Location: Toronto Only As a Solutions Architect at Databricks within the Field Engineering org you will partner with our customers to design scalable data architectures using Databricks technology and services. You have technical depth and business knowledge and can drive c...,distinct,high: Delivery Solutions Architect versus Solutions Architect; Munich and Toronto do not overlap
p093,near_0.5,1789.2500,0.6000,Perplexity,ASHBY:daafcaba-cc39-487a-b941-d7a407753788,"Member of Technical Staff (Software Engineer, Enterprise Knowledge Platform)",San Francisco | Palo Alto | Seattle | New York City,Platform & Infrastructure,https://jobs.ashbyhq.com/perplexity/daafcaba-cc39-487a-b941-d7a407753788,"ABOUT THE ROLE The Enterprise Knowledge Platform team builds the data layer that lets Perplexity's agents reach into the world's software. This team owns the systems that turn hundreds of heterogeneous integrations (native, MCP, CLI, first-party, and third-party APIs) into one un...",ASHBY:ea87532c-69a0-497d-9cf3-04cc2a6c6410,"Member of Technical Staff (Software Engineer, Integrations)",San Francisco,AI Products,https://jobs.ashbyhq.com/perplexity/ea87532c-69a0-497d-9cf3-04cc2a6c6410,"Description In 2026, we launched Computer, the defining product for the new era of agentic AI. Millions of people now use Perplexity to transform knowledge into action, and the Integrations team builds the systems and products that let Perplexity connect to user data and workflow...",distinct,high: Enterprise Knowledge Platform versus Integrations; titles and snippets identify different teams
p094,near_0.5,1789.2500,0.5000,Datadog,GREENHOUSE:8077474,Enterprise Customer Success Manager - East,"Boston, Massachusetts, USA; New York, New York, USA",Enterprise Customer Success,https://careers.datadoghq.com/detail/8077474?gh_jid=8077474,"As an Enterprise Customer Success Manager, you will proactively drive new product attachment and effective strong relationships across our largest and most strategic customers. You’ll advocate for the customer internally and focus on a positive customer experience. Interactions a...",GREENHOUSE:8146986,"Manager, Customer Success - Boston","Boston, Massachusetts, USA",Commercial Customer Success,https://careers.datadoghq.com/detail/8146986?gh_jid=8146986,"As a Manager, Customer Success, you will hire and develop teams, coaching Customer Success Managers (CSMs) to success. This role impacts our customer experience and retention at scale, providing an opportunity to join a company that’s a leader in the space and see your contributi...",distinct,high: customer success individual contributor versus manager hiring and coaching teams
p095,near_0.5,1789.2500,0.5000,Palantir,LEVER:4e99e055-96c7-497e-8099-3318e1ce0626,Deployment Strategist,"Vilnius, Lithuania",Echo,https://jobs.lever.co/palantir/4e99e055-96c7-497e-8099-3318e1ce0626,"A World-Changing Company   Palantir builds the world’s leading software for data-driven decisions and operations. By bringing the right data to the people who need it, our platforms empower our partners to develop lifesaving drugs, forecast supply chain disruptions, locate missin...",LEVER:ba8fdce3-7f60-45f6-8323-d74cc18c4320,Deployment Strategist - Japan Commercial,"Tokyo, Japan",Echo,https://jobs.lever.co/palantir/ba8fdce3-7f60-45f6-8323-d74cc18c4320,"A World-Changing Company   Palantir builds the world’s leading software for data-driven decisions and operations. By bringing the right data to the people who need it, our platforms empower our partners to develop lifesaving drugs, forecast supply chain disruptions, locate missin...",distinct,high: Japan Commercial specialization appears only once; Vilnius and Tokyo do not overlap
p096,near_0.5,1789.2500,0.6667,Databricks,GREENHOUSE:8568031002,Solutions Architect,"San Francisco, California",Field Engineering - FE Direct Regulated,https://databricks.com/company/careers/open-positions/job?gh_jid=8568031002,"While candidates in the listed locations are encouraged for this role, we are open to remote candidates in other locations in various cities around the Northern California. REQ ID - FEQ327R249 Mission We are looking for experienced pre-sales professionals who have a successful tr...",GREENHOUSE:8769750002,Sr. Solutions Architect,"New York City, New York",Field Engineering - FE Direct Emerging,https://databricks.com/company/careers/open-positions/job?gh_jid=8769750002,"FEQ327R503 While candidates in the listed location(s) are encouraged for this role, candidates in other locations will be considered. At Databricks, our core principles are at the heart of everything we do; creating a culture of proactiveness and a customer-centric mindset guides...",distinct,high: Senior qualifier appears only once; listed cities differ
p097,near_0.5,1789.2500,0.6000,Sierra,ASHBY:8646493c-93a6-482e-a810-4a0aa6e3438f,"Software Engineer, Agent",Munich,Engineering,https://jobs.ashbyhq.com/sierra/8646493c-93a6-482e-a810-4a0aa6e3438f,"ABOUT US Sierra is the leading platform for customer-facing AI agents, working with many of the world's biggest brands — including The GAP, Rocket Mortgage, SoFi, Sutter Health, and SoftBank — to transform how they serve customers and grow their businesses. We are primarily an in...",ASHBY:33dbd62f-8212-4ea8-9b59-74370c1f2803,"Software Engineer, Agent - Financial Services","San Francisco, CA | New York, NY | Atlanta, GA",Engineering,https://jobs.ashbyhq.com/sierra/33dbd62f-8212-4ea8-9b59-74370c1f2803,"ABOUT US Sierra is the leading platform for customer-facing AI agents, working with many of the world's biggest brands — including The GAP, Rocket Mortgage, SoFi, Sutter Health, and SoftBank — to transform how they serve customers and grow their businesses. We are primarily an in...",distinct,high: Financial Services specialization appears only once; Munich and US locations do not overlap
p098,near_0.5,1789.2500,0.6000,Veeva,LEVER:b4e2379d-bb96-4d59-b4df-f20dd66b03b0,Senior Business Consultant - Commercial,France - Paris,Business Consulting,https://jobs.lever.co/veeva/b4e2379d-bb96-4d59-b4df-f20dd66b03b0,"Veeva is building the industry cloud for Life Sciences through software, data, AI, and business consulting working together. Learn more about our products, vision, values, and status as a Public Benefit Corporation (PBC) on our website. Consulting is changing, and we’re not like ...",LEVER:95ffd9ee-bcf4-459d-a105-4a4cc0044029,Senior Consultant / Consultant - Commercial Strategy,China - Shanghai,Business Consulting,https://jobs.lever.co/veeva/95ffd9ee-bcf4-459d-a105-4a4cc0044029,"Veeva Systems is a mission-driven organization and pioneer in industry cloud, helping life sciences companies bring therapies to patients faster. As one of the fastest-growing SaaS companies in history, we surpassed $3B in revenue in our last fiscal year with extensive growth pot...",distinct,high: Senior versus mixed Senior or Consultant levels; Paris and Shanghai do not overlap
p099,near_0.5,1789.2500,0.5000,Stripe,GREENHOUSE:8128632,"Account Executive, Velocity Platforms (Hunter)",Chicago,1652 Platforms - Account Executives (NA),https://stripe.com/jobs/search?gh_jid=8128632,"Who we are About Stripe Stripe is a financial infrastructure platform for businesses. Millions of companies - from the world’s largest enterprises to the most ambitious startups - use Stripe to accept payments, grow their revenue, and accelerate new business opportunities. Our mi...",GREENHOUSE:8129954,"Strategic Account Executive, Platforms",London,1185 Account Executives (EMEA),https://stripe.com/jobs/search?gh_jid=8129954,"Who we are About Stripe Stripe is a financial infrastructure platform for businesses. Millions of companies—from the world’s largest enterprises to the most ambitious startups—use Stripe to accept payments, grow their revenue, and accelerate new business opportunities. Our missio...",distinct,high: Velocity Hunter versus Strategic Platforms sales; Chicago and London do not overlap
p100,near_0.5,1789.2500,0.5000,Stripe,GREENHOUSE:8062305,"Full Stack Engineer, Link","New York, New York",8570 Consumer Network - Eng,https://stripe.com/jobs/search?gh_jid=8062305,"Who we are About the team Link is a digital wallet designed for effortless and secure online payments and digital transactions. With Link, consumers enjoy convenience and peace of mind—it works on any device or browser, is backed by the highest security mechanisms, offers purchas...",GREENHOUSE:7895284,"Full Stack Software Engineer, Brazil",Sao Paulo,8516 Payments Global,https://stripe.com/jobs/search?gh_jid=7895284,"Who we are About Stripe Stripe is a financial infrastructure platform for businesses. Millions of companies—from the world's largest enterprises to the most ambitious startups—use Stripe to accept payments, grow their revenue, and accelerate new business opportunities. Our missio...",distinct,high: different product teams and nonoverlapping New York and Sao Paulo locations
