limiter,n,mode,run,wall_ms,fetch_ms,persist_ms,postings,failures
off,15,SEQUENTIAL,1,8242,7528,714,4212,0
off,15,SEQUENTIAL,2,7526,6895,630,4212,0
off,15,SEQUENTIAL,3,6889,6262,626,4212,0
off,15,SEQUENTIAL,4,6390,5765,624,4212,0
off,15,SEQUENTIAL,5,6777,6167,609,4212,0
off,15,PLATFORM_POOL,1,1331,727,603,4212,0
off,15,PLATFORM_POOL,2,1240,626,614,4212,0
off,15,PLATFORM_POOL,3,1289,685,604,4212,0
off,15,PLATFORM_POOL,4,1242,624,618,4212,0
off,15,PLATFORM_POOL,5,1233,636,597,4212,0
off,15,VIRTUAL,1,1220,620,599,4212,0
off,15,VIRTUAL,2,1270,672,592,4212,0
off,15,VIRTUAL,3,1158,561,596,4212,0
off,15,VIRTUAL,4,1282,684,598,4212,0
off,15,VIRTUAL,5,1256,644,611,4212,0
off,30,SEQUENTIAL,1,14556,13593,962,6684,0
off,30,SEQUENTIAL,2,12672,11719,952,6684,0
off,30,SEQUENTIAL,3,14266,13318,947,6684,0
off,30,SEQUENTIAL,4,13680,12727,953,6684,0
off,30,SEQUENTIAL,5,13544,12596,947,6684,0
off,30,PLATFORM_POOL,1,2080,1151,929,6684,0
off,30,PLATFORM_POOL,2,1918,996,922,6684,0
off,30,PLATFORM_POOL,3,2119,1096,1022,6684,0
off,30,PLATFORM_POOL,4,2090,1143,946,6684,0
off,30,PLATFORM_POOL,5,2050,1114,936,6684,0
off,30,VIRTUAL,1,1657,704,952,6684,0
off,30,VIRTUAL,2,1569,629,939,6684,0
off,30,VIRTUAL,3,1570,631,939,6684,0
off,30,VIRTUAL,4,1606,654,951,6684,0
off,30,VIRTUAL,5,1661,711,949,6684,0
off,45,SEQUENTIAL,1,21225,19912,1313,9479,0
off,45,SEQUENTIAL,2,18426,17123,1302,9479,0
off,45,SEQUENTIAL,3,20581,19277,1303,9479,0
off,45,SEQUENTIAL,4,20963,19637,1325,9479,0
off,45,SEQUENTIAL,5,19281,17986,1295,9479,0
off,45,PLATFORM_POOL,1,2765,1470,1293,9479,0
off,45,PLATFORM_POOL,2,2871,1553,1317,9479,0
off,45,PLATFORM_POOL,3,2813,1476,1336,9479,0
off,45,PLATFORM_POOL,4,2733,1423,1309,9479,0
off,45,PLATFORM_POOL,5,2641,1332,1308,9479,0
off,45,VIRTUAL,1,2120,804,1314,9479,0
off,45,VIRTUAL,2,2106,792,1314,9479,0
off,45,VIRTUAL,3,2013,704,1309,9479,0
off,45,VIRTUAL,4,2088,762,1325,9479,0
off,45,VIRTUAL,5,1993,702,1290,9479,0
polite,15,SEQUENTIAL,1,6749,6155,593,4212,0
polite,15,SEQUENTIAL,2,7322,6728,594,4212,0
polite,15,SEQUENTIAL,3,7235,6642,592,4212,0
polite,15,SEQUENTIAL,4,7345,6733,611,4212,0
polite,15,SEQUENTIAL,5,6760,6168,591,4212,0
polite,15,PLATFORM_POOL,1,2695,2096,599,4212,0
polite,15,PLATFORM_POOL,2,2675,2085,589,4212,0
polite,15,PLATFORM_POOL,3,2724,2132,591,4212,0
polite,15,PLATFORM_POOL,4,2525,1907,618,4212,0
polite,15,PLATFORM_POOL,5,2576,1970,605,4212,0
polite,15,VIRTUAL,1,2727,2131,595,4212,0
polite,15,VIRTUAL,2,2619,2014,604,4212,0
polite,15,VIRTUAL,3,2729,2117,611,4212,0
polite,15,VIRTUAL,4,2535,1942,592,4212,0
polite,15,VIRTUAL,5,2719,2109,609,4212,0
polite,30,SEQUENTIAL,1,14411,13467,942,6684,0
polite,30,SEQUENTIAL,2,15348,14405,942,6684,0
polite,30,SEQUENTIAL,3,14903,13966,936,6684,0
polite,30,SEQUENTIAL,4,14421,13474,946,6684,0
polite,30,SEQUENTIAL,5,14354,13412,942,6684,0
polite,30,PLATFORM_POOL,1,6210,5282,927,6684,0
polite,30,PLATFORM_POOL,2,6553,5618,934,6684,0
polite,30,PLATFORM_POOL,3,6254,5308,946,6684,0
polite,30,PLATFORM_POOL,4,6394,5422,971,6684,0
polite,30,PLATFORM_POOL,5,6126,5174,951,6684,0
polite,30,VIRTUAL,1,5252,4322,929,6684,0
polite,30,VIRTUAL,2,5522,4599,922,6684,0
polite,30,VIRTUAL,3,5446,4506,939,6684,0
polite,30,VIRTUAL,4,5442,4508,933,6684,0
polite,30,VIRTUAL,5,5383,4427,955,6684,0
polite,45,SEQUENTIAL,1,22108,20777,1330,9479,0
polite,45,SEQUENTIAL,2,22162,20864,1297,9479,0
polite,45,SEQUENTIAL,3,22773,21436,1336,9479,0
polite,45,SEQUENTIAL,4,22599,21289,1310,9479,0
polite,45,SEQUENTIAL,5,22516,21200,1314,9479,0
polite,45,PLATFORM_POOL,1,11352,10014,1337,9479,0
polite,45,PLATFORM_POOL,2,11631,10295,1335,9479,0
polite,45,PLATFORM_POOL,3,11771,10462,1307,9479,0
polite,45,PLATFORM_POOL,4,11754,10421,1332,9479,0
polite,45,PLATFORM_POOL,5,11733,10408,1324,9479,0
polite,45,VIRTUAL,1,8404,7096,1307,9479,0
polite,45,VIRTUAL,2,8522,7171,1350,9479,0
polite,45,VIRTUAL,3,8210,6901,1308,9479,0
polite,45,VIRTUAL,4,8347,7046,1300,9479,0
polite,45,VIRTUAL,5,8246,6939,1306,9479,0
